{"cameraMode":{"drawMode":0,"name":"Shaded","section":"Shading Mode"},"sceneLighting":true,"audioPlay":false,"sceneViewState":{"showFog":true,"showMaterialUpdate":true,"showSkybox":true,"showFlares":true,"showImageEffects":true,"showParticleSystems":true},"in2DMode":false,"pivot":{"x":0.47139739990234377,"y":6.067865371704102,"z":-3.5058670043945314},"rotation":{"x":-0.0411202497780323,"y":0.6909790635108948,"z":-0.039428532123565677,"w":-0.7206264734268189},"size":22.48305320739746,"orthographic":false}